time,seconds_elapsed,mslAltitudeAccuracy,bearingAccuracy,speedAccuracy,verticalAccuracy,horizontalAccuracy,speed,altitudeAboveMeanSeaLevel,bearing,altitude,longitude,latitude
1788164601589441500,-1.883558349609375,,179.89999389648438,9.699999809265137,23.5,6.232999801635742,1.5256366729736328,,249,27.200000000000003,75.12287,15.3697517
1788164607537000000,4.064,,0,0,4.273967266082764,246.40199279785156,0,,0,571.3999633789062,75.12287,15.3697517
1788164609233224200,5.76022412109375,,0,5.099999904632568,4.290929317474365,7.800000190734863,0,,0,571.3999633789062,75.122625,15.3698883
1788164610234306300,6.761306396484375,,0,4.5,4.30094051361084,7.699999809265137,0,,0,571.3999633789062,75.1225483,15.3699983
1788164612012923100,8.539923095703125,,0,4.300000190734863,4.318726539611816,7.599999904632568,0,,0,571.3999633789062,75.1224417,15.3700683
1788164613012245800,9.539245849609374,,0,3.4000000953674316,4.328719615936279,7.5,0,,0,571.3999633789062,75.12242,15.3701867
1788164614013319000,10.54031884765625,,33.79999923706055,2.700000047683716,4.338730335235596,7.360000133514404,3.241205930709839,,342,571.3999633789062,75.1225217,15.37004
1788164615017071000,11.544071044921875,,0,2.299999952316284,4.3487677574157715,7.099999904632568,0,,0,571.3999633789062,75.1225767,15.3699867
1788164615752000000,12.279,,0,0,2.759892702102661,12.758999824523926,0,,0,572.5999755859375,75.1225767,15.3699867
1788164616010848500,12.5378486328125,,0,2.0999999046325684,2.762481212615967,11.682000160217285,0,,0,572.5999755859375,75.1226383,15.3699933
1788164617010455000,13.537455078125,,17.399999618530273,1.899999976158142,2.772477149963379,10.871000289916992,4.1862359046936035,,11,572.5999755859375,75.1229967,15.3699
1788164618010716200,14.537716064453125,,15.899999618530273,1.7000000476837158,2.782479763031006,10.642000198364258,4.156382083892822,,14,572.5999755859375,75.1230533,15.3698617
1788164619013162800,15.540162841796874,,13.5,1.5,2.79250431060791,10.413000106811523,4.245943546295166,,9,572.5999755859375,75.1230033,15.3698817
1788164620008038000,16.535037841796875,,16.700000762939453,2,2.80245304107666,10.199000358581543,4.705075740814209,,12,572.5999755859375,75.1228567,15.369975
1788164621012638700,17.539638671875,,17.600000381469727,2.0999999046325684,2.8124990463256836,5.539999961853027,4.796696186065674,,15,572.5999755859375,75.1227533,15.370075
1788164622012308500,18.53930859375,,18.899999618530273,2.0999999046325684,2.822495698928833,5.21999979019165,4.385433197021484,,17,572.5999755859375,75.1224683,15.370395
1788164623008009500,19.535009521484376,,23.100000381469727,2.4000000953674316,2.8324527740478516,5.083000183105469,3.9654200077056885,,24,572.5999755859375,75.1224817,15.370415
1788164624012311600,20.5393115234375,,29.299999237060547,2.5999999046325684,2.842495918273926,4.849999904632568,3.3971667289733887,,34,572.5999755859375,75.12249,15.37044
1788164625016240400,21.543240478515624,,23.200000762939453,2.0999999046325684,2.8525350093841553,4.480000019073486,3.3817250728607178,,71,572.5999755859375,75.12242,15.370535
1788164626009580800,22.536580810546877,,27.5,2.5,2.8624684810638428,4.433000087738037,3.3086345195770264,,76,572.5999755859375,75.1224133,15.3705133
1788164627014620000,23.541619873046876,,17.799999237060547,1.7000000476837158,2.872519016265869,4.260000228881836,3.345179796218872,,83,572.5999755859375,75.122385,15.3705133
1788164627246000000,23.773000244140626,,0,0,2.026641607284546,5.775000095367432,0,,0,573.2000122070312,75.122385,15.3705133
1788164628010523000,24.53752294921875,,12.600000381469727,1.600000023841858,2.0342867374420166,5.691999912261963,4.182632923126221,,86,573.2000122070312,75.1222783,15.3705533
1788164629010240800,25.53724072265625,,13.100000381469727,1.899999976158142,2.0442841053009033,5.965000152587891,4.260870456695557,,83,573.2000122070312,75.1225117,15.3708167
1788164630011402000,26.538402099609375,,13.600000381469727,2.200000047683716,2.054295539855957,6.2789998054504395,4.084321022033691,,86,573.2000122070312,75.1224667,15.3708417
1788164631010408700,27.53740869140625,,15.199999809265137,2.200000047683716,2.0642857551574707,6.892000198364258,4.120866298675537,,83,573.2000122070312,75.12272,15.3706367
1788164632012264700,28.5392646484375,,16,2.299999952316284,2.0743043422698975,6.849999904632568,4.187265396118164,,82,573.2000122070312,75.1223667,15.37069
1788164633010324200,29.53732421875,,17.799999237060547,2.0999999046325684,2.084284782409668,6.065999984741211,4.2526350021362305,,80,573.2000122070312,75.1220783,15.3707783
1788164634015279600,30.542279541015624,,17,1.899999976158142,2.094334363937378,6.099999904632568,4.368447303771973,,83,573.2000122070312,75.1220417,15.3707317
1788164635013497600,31.54049755859375,,16.100000381469727,1.600000023841858,2.104316473007202,5.820000171661377,4.462641716003418,,84,573.2000122070312,75.1217617,15.3707967
1788164636011028200,32.5380283203125,,12.5,1.5,2.1142919063568115,5.639999866485596,4.614999294281006,,86,573.2000122070312,75.12174,15.3706333
1788164637013221600,33.5402216796875,,13.399999618530273,1.7000000476837158,2.1243138313293457,5.840000152587891,4.785887241363525,,84,573.2000122070312,75.1216667,15.3708083
1788164638011744800,34.53874487304687,,12.600000381469727,1.399999976158142,2.1342990398406982,6.440000057220459,4.84816837310791,,85,573.2000122070312,75.12189,15.3710383
1788164639010605000,35.53760498046875,,12,1.399999976158142,2.144287586212158,6.515999794006348,4.826035499572754,,83,573.2000122070312,75.124465,15.3709333
1788164640016143000,36.54314306640625,,12.600000381469727,1.5,3.1248226165771484,6.679999828338623,4.782284259796143,,81,576.8999633789062,75.12367,15.37137
1788164641011030500,37.53803051757812,,9.899999618530273,1.600000023841858,3.1347715854644775,6.679999828338623,4.832726955413818,,76,576.8999633789062,75.1236883,15.3715133
1788164642015103200,38.54210327148437,,9.899999618530273,1.7000000476837158,3.1448123455047607,6.099999904632568,4.941333293914795,,72,576.8999633789062,75.12371,15.3716
1788164643013282800,39.54028271484375,,11.399999618530273,1.600000023841858,3.154794216156006,5.239999771118164,5.064352035522461,,71,576.8999633789062,75.123805,15.3716583
1788164644015008300,40.54200830078125,,11.199999809265137,1.5,3.164811372756958,4.739999771118164,5.144648551940918,,70,576.8999633789062,75.1237867,15.3716383
1788164645012772900,41.53977294921875,,11.5,1.399999976158142,3.1747889518737793,4.650000095367432,5.199723720550537,,70,576.8999633789062,75.1237317,15.3715767
1788164646017571800,42.54457177734375,,9.399999618530273,1.5,3.1848371028900146,4.400000095367432,5.2959771156311035,,75,576.8999633789062,75.1237933,15.37165
1788164647014222300,43.54122241210938,,8.300000190734863,1.600000023841858,3.194803476333618,4.333000183105469,5.458629131317139,,80,576.8999633789062,75.12383,15.3715517
1788164648017967900,44.5449677734375,,9.100000381469727,1.7000000476837158,3.204840898513794,4.139999866485596,5.678415775299072,,82,576.8999633789062,75.1238967,15.3715567
1788164649014702600,45.54170263671875,,9.699999809265137,1.7999999523162842,3.214808225631714,4.099999904632568,5.933717727661133,,81,576.8999633789062,75.123935,15.3715017
1788164650014556200,46.54155615234375,,12.399999618530273,1.600000023841858,3.224806785583496,3.9600000381469727,5.736064434051514,,87,576.8999633789062,75.12406,15.3715083
1788164651014984200,47.541984130859376,,17.799999237060547,1.899999976158142,3.2348110675811768,3.9159998893737793,4.917655944824219,,93,576.8999633789062,75.1241683,15.3715233
1788164652011304000,48.53830395507813,,14.600000381469727,1.7999999523162842,3.244774341583252,3.815999984741211,5.202812194824219,,102,576.8999633789062,75.12421,15.3713967
1788164653014781400,49.54178149414062,,11.699999809265137,1.7000000476837158,3.2548091411590576,3.7160000801086426,5.97180700302124,,101,576.8999633789062,75.1242433,15.3713433
1788164654014096000,50.541095947265624,,11.699999809265137,1.899999976158142,3.2648022174835205,3.615999937057495,6.744405269622803,,96,576.8999633789062,75.1242917,15.371305
1788164655012706800,51.539706787109374,,11.199999809265137,1.899999976158142,3.2747883796691895,3.5329999923706055,7.5041351318359375,,96,576.8999633789062,75.1243633,15.371295
1788164656011756500,52.538756591796876,,11.300000190734863,1.7000000476837158,3.2847788333892822,3.4660000801086426,7.3497185707092285,,94,576.8999633789062,75.1244517,15.3712867
1788164657013191000,53.54019091796875,,13,1.899999976158142,3.294793128967285,3.380000114440918,6.264169216156006,,93,576.8999633789062,75.1244483,15.3713267
1788164658016068000,54.54306811523438,,16,2.0999999046325684,3.3048219680786133,3.359999895095825,4.901699542999268,,92,576.8999633789062,75.124445,15.371365
1788164659013083600,55.54008374023437,,18.399999618530273,1.899999976158142,3.3147921562194824,3.365999937057495,4.726179599761963,,100,576.8999633789062,75.124355,15.3713
1788164660015543300,56.54254321289063,,9.899999618530273,1.399999976158142,3.3248167037963867,3.319999933242798,5.568264961242676,,102,576.8999633789062,75.1243183,15.3712367
1788164661015527200,57.54252709960937,,10.899999618530273,1.7000000476837158,3.3348166942596436,3.240000009536743,6.331598281860352,,113,576.8999633789062,75.12431,15.3711767
1788164662014084400,58.54108447265625,,9.699999809265137,1.600000023841858,3.344802141189575,3.180000066757202,6.360937118530273,,125,576.8999633789062,75.1243633,15.3711367
1788164663013310700,59.54031079101563,,13,1.7999999523162842,3.354794502258301,3.132999897003174,5.183767318725586,,129,576.8999633789062,75.1243983,15.3710967
1788164664012893400,60.5398935546875,,14.199999809265137,1.7000000476837158,3.364790201187134,3.049999952316284,4.701987266540527,,138,576.8999633789062,75.1244183,15.371065
1788164665014132700,61.5411328125,,13.800000190734863,1.7999999523162842,3.374802589416504,2.950000047683716,5.2259745597839355,,142,576.8999633789062,75.12444,15.37104
1788164666014246000,62.541245849609375,,12.100000381469727,1.899999976158142,3.3848037719726562,2.865999937057495,6.171004772186279,,139,576.8999633789062,75.12448,15.3710083
1788164667013883000,63.5408828125,,9.300000190734863,1.7000000476837158,3.3948001861572266,2.799999952316284,7.093387126922607,,137,576.8999633789062,75.1245117,15.3709717
1788164668015028200,64.5420283203125,,8,1.600000023841858,3.4048116207122803,2.680000066757202,7.760467052459717,,139,576.8999633789062,75.1245483,15.37093
1788164669013962000,65.5409619140625,,8.5,1.5,3.4148008823394775,2.5999999046325684,7.521636009216309,,143,576.8999633789062,75.124585,15.37088
1788164670011375900,66.5383759765625,,9.100000381469727,1.600000023841858,3.4247751235961914,2.565999984741211,7.374939918518066,,148,576.8999633789062,75.1246233,15.3708283
1788164671014401500,67.54140161132813,,11.300000190734863,1.7000000476837158,3.434805393218994,2.440000057220459,6.872056484222412,,152,576.8999633789062,75.1246583,15.3707733
1788164672011679200,68.53867919921875,,14.800000190734863,1.7999999523162842,3.4447782039642334,2.4000000953674316,5.350022792816162,,156,576.8999633789062,75.1246783,15.3707217
1788164673014148000,69.54114819335938,,21.200000762939453,1.7999999523162842,3.4548027515411377,2.3329999446868896,3.9144625663757324,,160,576.8999633789062,75.1246883,15.37068
1788164674010434000,70.53743408203125,,17.700000762939453,1.899999976158142,3.4647655487060547,2.2660000324249268,4.1589555740356445,,168,576.8999633789062,75.1246933,15.3706433
1788164675011154000,71.53815380859375,,14.699999809265137,1.600000023841858,3.4747729301452637,2.2160000801086426,4.595439910888672,,166,576.8999633789062,75.1247017,15.3706067
1788164676015694600,72.54269458007812,,16.299999237060547,1.7000000476837158,3.48481822013855,2.140000104904175,5.0108208656311035,,165,576.8999633789062,75.124715,15.3705617
1788164677013869300,73.54086938476563,,13.300000190734863,2,3.494800090789795,2.119999885559082,6.007837772369385,,163,576.8999633789062,75.12473,15.3705117
1788164678014561800,74.54156176757813,,8.300000190734863,1.600000023841858,3.5048069953918457,2.119999885559082,7.7012739181518555,,163,576.8999633789062,75.1247517,15.370445
1788164679015320300,75.5423203125,,7.900000095367432,1.5,3.514814615249634,2.119999885559082,8.32048511505127,,166,576.8999633789062,75.12477,15.37037
1788164680014429700,76.5414296875,,9.300000190734863,1.7000000476837158,3.5248055458068848,2.119999885559082,7.090298652648926,,168,576.8999633789062,75.12478,15.3703
1788164681014439200,77.54143920898437,,11.600000381469727,1.7000000476837158,3.5348057746887207,2.115999937057495,5.84518575668335,,171,576.8999633789062,75.1247883,15.3702433
1788164682014629600,78.54162963867188,,16.600000381469727,1.7000000476837158,3.5448076725006104,2.0999999046325684,4.901185035705566,,168,576.8999633789062,75.1247933,15.3701933
1788164683015493600,79.54249365234375,,13.399999618530273,1.899999976158142,3.554816246032715,2.0799999237060547,5.676871299743652,,163,576.8999633789062,75.124805,15.3701433
1788164684015802600,80.542802734375,,15,2.200000047683716,3.5648193359375,2.0999999046325684,6.7495527267456055,,166,576.8999633789062,75.12482,15.370085
1788164685007648300,81.53464819335937,,8.600000381469727,1.600000023841858,3.574737787246704,2.0999999046325684,7.720318794250488,,166,576.8999633789062,75.124845,15.370015
1788164686015045400,82.54204541015625,,9.600000381469727,1.899999976158142,3.5848116874694824,2.0999999046325684,8.587625503540039,,165,576.8999633789062,75.1248667,15.3699417
1788164687010943500,83.53794360351563,,9.399999618530273,1.7999999523162842,3.594770669937134,2.0999999046325684,8.368353843688965,,167,576.8999633789062,75.124885,15.3698617
1788164688011114200,84.5381142578125,,12,2,3.6047723293304443,2.115999937057495,7.629212856292725,,169,576.8999633789062,75.1248983,15.36979
1788164689012503300,85.53950341796875,,11.699999809265137,1.7000000476837158,3.614786386489868,2.115999937057495,6.83962869644165,,166,576.8999633789062,75.1249133,15.3697267
1788164690015629300,86.54262939453125,,14.100000381469727,2,3.6248176097869873,2.0999999046325684,5.709813594818115,,166,576.8999633789062,75.1249267,15.36967
1788164691006732300,87.53373217773438,,17.899999618530273,1.7000000476837158,3.6347286701202393,2.0829999446868896,4.210942268371582,,168,576.8999633789062,75.1249367,15.36963
1788164692012200700,88.53920068359375,,14.300000190734863,1.2000000476837158,3.6447832584381104,2.0399999618530273,3.870711088180542,,168,576.8999633789062,75.124945,15.369595
1788164693006717400,89.53371752929688,,10.600000381469727,1.2000000476837158,3.654728412628174,2,4.989202499389648,,167,576.8999633789062,75.124955,15.369555
1788164694014352100,90.54135205078126,,5.800000190734863,1,3.6648049354553223,1.9199999570846558,6.153504371643066,,169,576.8999633789062,75.1249667,15.369505
1788164695009338400,91.53633837890625,,9.899999618530273,1.399999976158142,3.6747546195983887,1.899999976158142,6.953896999359131,,170,576.8999633789062,75.1249767,15.3694467
1788164696014071600,92.54107153320312,,12.100000381469727,1.7999999523162842,3.6848020553588867,1.8200000524520874,6.981692314147949,,169,576.8999633789062,75.12499,15.369385
1788164697013653500,93.54065356445312,,13.5,1.899999976158142,3.6947977542877197,1.8200000524520874,6.285787582397461,,161,576.8999633789062,75.1250133,15.3693267
1788164698009352700,94.53635278320313,,15.399999618530273,2,3.7047548294067383,1.8600000143051147,5.405612945556641,,154,576.8999633789062,75.125035,15.3692783
1788164699013180000,95.54017993164062,,13.399999618530273,2,3.7147932052612305,1.8830000162124634,5.893569469451904,,149,576.8999633789062,75.125065,15.3692317
1788164700016677400,96.54367749023437,,15.300000190734863,2.200000047683716,3.724828004837036,1.9600000381469727,5.890995979309082,,147,576.8999633789062,75.1250967,15.36919
1788164701013777200,97.54077709960937,,16.700000762939453,2.299999952316284,3.7347991466522217,2,5.770036220550537,,149,576.8999633789062,75.1251233,15.369145
1788164702013727500,98.5407275390625,,17.399999618530273,2.200000047683716,3.7447986602783203,2.0999999046325684,5.315021514892578,,155,576.8999633789062,75.125145,15.3691
1788164703011803000,99.53880297851562,,16.5,2,3.75477933883667,2.1600000858306885,4.833756446838379,,163,576.8999633789062,75.1251533,15.3690583
1788164704017595100,100.54459521484375,,23.5,2.4000000953674316,3.7648372650146484,2.2200000286102295,4.1666765213012695,,164,576.8999633789062,75.1251633,15.3690233
1788164705008342500,101.53534252929687,,22.700000762939453,2.4000000953674316,3.774744749069214,2.2330000400543213,3.8146064281463623,,160,576.8999633789062,75.1251733,15.3689967
1788164706016759800,102.543759765625,,22.299999237060547,2.200000047683716,3.7848289012908936,2.2799999713897705,3.970567226409912,,154,576.8999633789062,75.1251883,15.3689733
1788164707014011000,103.54101098632813,,17.299999237060547,2.200000047683716,3.7948014736175537,2.2799999713897705,5.574441432952881,,151,576.8999633789062,75.1252133,15.3689317
1788164708017880800,104.544880859375,,11,1.7999999523162842,3.804840087890625,2.259999990463257,6.7613911628723145,,142,576.8999633789062,75.1252567,15.3688817
1788164709015583700,105.54258374023438,,9.199999809265137,1.600000023841858,3.814817190170288,2.2330000400543213,6.916837215423584,,137,576.8999633789062,75.1253033,15.3688317
1788164710014848500,106.5418486328125,,9.399999618530273,1.7999999523162842,3.8248097896575928,2.180000066757202,7.422294616699219,,136,576.8999633789062,75.1253517,15.3687783
1788164711008498000,107.53549780273437,,8.100000381469727,1.600000023841858,3.8347463607788086,2.1500000953674316,7.746054649353027,,134,576.8999633789062,75.1254017,15.3687283
1788164712007739100,108.5347392578125,,8.5,1.600000023841858,3.844738721847534,2.0999999046325684,7.270966053009033,,129,576.8999633789062,75.1254583,15.36868
1788164713006935800,109.53393579101562,,9.600000381469727,1.600000023841858,3.8547306060791016,2.065999984741211,6.2554192543029785,,124,576.8999633789062,75.125515,15.36864
1788164714011562000,110.53856201171875,,11.100000381469727,1.5,3.864776849746704,2.0329999923706055,5.148251533508301,,127,576.8999633789062,75.1255617,15.3686083
1788164715007415000,111.5344150390625,,15.5,1.5,3.8747353553771973,2,3.837768793106079,,131,576.8999633789062,75.12559,15.3685817
1788164716009047800,112.5360478515625,,11,1.100000023841858,3.884751796722412,1.9600000381469727,3.4790074825286865,,127,576.8999633789062,75.1256217,15.3685567
1788164717009074700,113.53607470703125,,12,1.399999976158142,3.894752025604248,1.9199999570846558,4.427640438079834,,127,576.8999633789062,75.1256533,15.3685317
1788164718013832700,114.54083276367187,,13.300000190734863,1.7999999523162842,3.904799699783325,1.8799999952316284,5.054057598114014,,125,576.8999633789062,75.12569,15.3685033
1788164719017985000,115.54498510742188,,11.800000190734863,1.7999999523162842,3.9148411750793457,1.8600000143051147,6.049530506134033,,124,576.8999633789062,75.125735,15.3684717
1788164720007377200,116.53437719726563,,9.800000190734863,1.7000000476837158,3.9247350692749023,1.8660000562667847,6.92507266998291,,126,576.8999633789062,75.125785,15.3684333
1788164721006899200,117.53389916992188,,7.699999809265137,1.5,3.934730291366577,1.8660000562667847,7.688920497894287,,124,576.8999633789062,75.1258383,15.3683883
1788164722013197000,118.54019702148437,,7.300000190734863,1.600000023841858,3.944793224334717,1.8799999952316284,8.275703430175781,,125,576.8999633789062,75.1258917,15.368345
1788164723013698300,119.5406982421875,,8.5,1.7999999523162842,3.9547982215881348,1.8830000162124634,8.668951988220215,,125,576.8999633789062,75.1259567,15.3683
1788164724007282200,120.5342822265625,,7.900000095367432,1.7999999523162842,3.9647340774536133,1.899999976158142,8.824398040771484,,125,576.8999633789062,75.1260233,15.3682533
1788164725016298800,121.543298828125,,9.100000381469727,2,3.9748241901397705,1.899999976158142,8.92837142944336,,125,576.8999633789062,75.1260883,15.3682033
1788164726014574600,122.54157470703124,,6.699999809265137,1.600000023841858,3.984807014465332,1.899999976158142,9.384415626525879,,124,576.8999633789062,75.1261583,15.3681517
1788164727015419600,123.54241967773437,,7.400000095367432,1.899999976158142,16.200000762939453,1.9199999570846558,8.799691200256348,,121,558.3000000000001,75.1262317,15.3681083
1788164728016442000,124.54344213867188,,10.399999618530273,2.200000047683716,16.399999618530273,1.9600000381469727,7.787747383117676,,125,557.9000000000001,75.1262967,15.368065
1788164729016008400,125.54300854492188,,9,1.600000023841858,16.700000762939453,1.9800000190734863,7.030076026916504,,125,558,75.1263533,15.36803
1788164730009162200,126.53616235351562,,10.699999809265137,1.899999976158142,16.5,1.9830000400543213,6.778377056121826,,125,558,75.1264083,15.3679967
1788164731008583400,127.53558349609375,,10.800000190734863,1.899999976158142,15.800000190734863,2,7.170595169067383,,128,557.8000000000001,75.1264633,15.3679583
1788164732019806500,128.54680639648439,,10.300000190734863,1.899999976158142,15.699999809265137,2.0199999809265137,7.292069911956787,,126,557.6,75.12652,15.3679183
1788164733011073300,129.5380732421875,,10.600000381469727,1.899999976158142,16,2.0160000324249268,6.819554805755615,,125,557.3000000000001,75.126575,15.3678833
1788164734008672000,130.53567211914063,,9.699999809265137,1.7999999523162842,16.100000381469727,2,7.057871341705322,,125,557.5,75.1266333,15.3678433
1788164735008906200,131.53590625,,9.899999618530273,1.7999999523162842,16.899999618530273,2,6.82573127746582,,128,557.4000000000001,75.1266817,15.3678067
1788164736011083300,132.5380832519531,,10.399999618530273,1.7999999523162842,17.200000762939453,2.0199999809265137,6.851467609405518,,134,557.6,75.1267267,15.3677667
1788164737020247800,133.54724780273438,,11,2,17.399999618530273,2.0399999618530273,6.881321430206299,,131,557.5,75.1267767,15.367725
1788164738011266800,134.53826684570313,,13.699999809265137,2.299999952316284,16.299999237060547,2.0799999237060547,6.217329502105713,,142,557.8000000000001,75.1268167,15.3676817
1788164739018646500,135.545646484375,,15,2.299999952316284,15.399999618530273,2.0999999046325684,5.94401216506958,,153,558.2,75.1268483,15.36764
1788164740012510200,136.53951025390626,,18.200000762939453,2.5,15.199999809265137,2.119999885559082,5.928570747375488,,169,558.1,75.1268683,15.3675933
1788164741052889900,137.57988989257814,,18.899999618530273,2.700000047683716,15.5,2.119999885559082,5.906437397003174,,171,557.8000000000001,75.126875,15.3675417
1788164742010120700,138.53712060546874,,21.200000762939453,3.0999999046325684,16.100000381469727,2.132999897003174,6.15916633605957,,173,557.3000000000001,75.12688,15.3674867
1788164743011544300,139.53854443359376,,17.600000381469727,2.799999952316284,16.5,2.140000104904175,6.18593168258667,,178,557.2,75.1268817,15.3674333
1788164744010744800,140.53774487304688,,13.100000381469727,2.0999999046325684,16.5,2.1500000953674316,6.1931376457214355,,176,557.2,75.126885,15.36738
1788164745011596800,141.5385966796875,,16.700000762939453,2.0999999046325684,16.600000381469727,2.1659998893737793,5.098323822021484,,177,557.3000000000001,75.1268817,15.367335
1788164746007661300,142.53466137695312,,23.399999618530273,2.299999952316284,16.899999618530273,2.183000087738037,3.777031660079956,,176,558.3000000000001,75.12688,15.367305
1788164747006836700,143.53383666992187,,36.20000076293945,2.0999999046325684,17,2.200000047683716,2.569493293762207,,176,558.3000000000001,75.12688,15.3672817
1788164748009617700,144.53661767578126,,30.200000762939453,1.7000000476837158,17.200000762939453,2.200000047683716,2.3558835983276367,,181,558.4000000000001,75.1268817,15.3672583
1788164749012107300,145.53910717773437,,51,1.7999999523162842,17,2.200000047683716,1.5575494766235352,,172,558.5,75.126885,15.3672433
1788164750013487400,146.5404873046875,,0,1.7000000476837158,17.100000381469727,2.200000047683716,0,,0,558.6,75.1268867,15.3672367
1788164751006867200,147.5338671875,,0,2.0999999046325684,16.899999618530273,2.200000047683716,0,,0,558.7,75.1268883,15.3672333
1788164752012233500,148.5392333984375,,0,2.0999999046325684,17.100000381469727,2.2200000286102295,0,,0,558.7,75.1268883,15.3672317
1788164753012200200,149.5392001953125,,0,1.7000000476837158,16.700000762939453,2.240000009536743,0,,0,558.7,75.1268883,15.3672317
1788164754012592000,150.53959204101562,,0,1.399999976158142,1.0126359462738037,2.259999990463257,0,,0,570.7999877929688,75.1268883,15.3672317
1788164755011076000,151.538076171875,,0,0.800000011920929,1.0226207971572876,2.2330000400543213,0,,0,570.7999877929688,75.1268883,15.3672317
1788164756065746400,152.59274633789062,,0,0.800000011920929,1.0331674814224243,2.2200000286102295,0,,0,570.7999877929688,75.1268883,15.3672317
1788164757007401200,153.53440112304688,,0,1.5,1.0425840616226196,2.183000087738037,0,,0,570.7999877929688,75.1268883,15.3672317
1788164758013695200,154.5406953125,,0,1.100000023841858,1.0526469945907593,2.0999999046325684,0,,0,570.7999877929688,75.1268883,15.3672317
1788164759015723300,155.54272314453124,,0,1.100000023841858,1.0626672506332397,2.0199999809265137,0,,0,570.7999877929688,75.1268883,15.3672317
1788164760021169700,156.54816967773436,,0,1,1.0727217197418213,1.9600000381469727,0,,0,570.7999877929688,75.1268883,15.3672317
1788164761012593200,157.53959326171875,,0,0.800000011920929,1.0826358795166016,1.9329999685287476,0,,0,570.7999877929688,75.1268883,15.3672317
1788164762011215000,158.53821508789062,,0,0.6000000238418579,1.027752161026001,1.840000033378601,0,,0,570.7999877929688,75.1268883,15.3672317
1788164763016709400,159.54370947265625,,0,0.6000000238418579,1.0378071069717407,1.7599999904632568,0,,0,570.7999877929688,75.1268883,15.3672317
1788164764008974300,160.53597436523438,,0,0.6000000238418579,1.047729730606079,1.715999960899353,0,,0,570.7999877929688,75.1268883,15.3672317
1788164765010566100,161.53756616210939,,0,0.5,1.0577456951141357,1.649999976158142,0,,0,570.7999877929688,75.1268883,15.3672317
1788164766009681700,162.536681640625,,0,0.5,1.0677368640899658,1.600000023841858,0,,0,570.7999877929688,75.1268883,15.3672317
