ride,mount,model,case,dest_node,route_m,deviated,alarm,dev_m,alarm_m,pos_err_m,followed_m,outcome,delay_m
948G_RVV-2026-08-30_16-31-01,mounted,948G_RVV-2026-08-30_16-31-01.pt,true,3912779948,625.4425500406426,False,False,,,38.316164088704156,556.2578336988967,quiet (correct),
948G_RVV-2026-08-30_16-31-01,mounted,948G_RVV-2026-08-30_16-31-01.pt,wrong,3846582275,326.573949156583,True,True,66.36489296044778,286.5218863995543,114.13673294653405,66.36489296044778,caught,220.15699343910654
94CC_6RQ-2026-08-30_16-34-04,mounted,94CC_6RQ-2026-08-30_16-34-04.pt,true,3846582275,587.8995229032917,False,False,,,96.96681342095104,547.9734193595706,quiet (correct),
94CC_6RQ-2026-08-30_16-34-04,mounted,94CC_6RQ-2026-08-30_16-34-04.pt,wrong,9047445013,317.90970756666445,True,True,334.20689013102503,380.40937009096194,75.27559421046271,334.20689013102503,caught,46.20247995993691
94CC_6RQ-2026-08-30_16-34-04,mounted,94CC_6RQ-2026-08-30_16-34-04.pt,wrong,9602305583,365.27956544071344,True,True,350.79879775740346,422.55605410399164,67.53699646471834,350.79879775740346,caught,71.75725634658818
94CC_6RQ-2026-08-30_16-39-43,mounted,94CC_6RQ-2026-08-30_16-39-43.pt,true,3846582275,643.8596605588542,False,False,,,65.24750286174725,604.791597973864,quiet (correct),
94CC_6RQ-2026-08-30_16-39-43,mounted,94CC_6RQ-2026-08-30_16-39-43.pt,wrong,9047445013,373.869845222227,True,True,382.2657761168083,403.68513144893734,89.63098410573697,382.2657761168083,caught,21.419355332129044
94CC_6RQ-2026-08-30_16-39-43,mounted,94CC_6RQ-2026-08-30_16-39-43.pt,wrong,9602305583,421.2397030962761,True,True,396.5106546275566,442.53229510349684,79.02768731827096,396.5106546275566,caught,46.02164047594022
94CC_6RQ-2026-08-30_16-46-01,mounted,94CC_6RQ-2026-08-30_16-46-01.pt,true,3846582275,611.8600281393769,False,False,,,31.095897882271984,557.112159804474,quiet (correct),
94CC_6RQ-2026-08-30_16-46-01,mounted,94CC_6RQ-2026-08-30_16-46-01.pt,wrong,9047445013,341.8702128027496,True,True,351.3867029338807,325.5910672764267,93.67398272190545,351.3867029338807,caught,-25.795635657454
94CC_6RQ-2026-08-30_16-46-01,mounted,94CC_6RQ-2026-08-30_16-46-01.pt,wrong,9602305583,389.2400706767987,True,True,362.7909041426023,353.1899077561715,112.12314648361136,362.7909041426023,caught,-9.60099638643078
new_senior-2026-08-30_16-36-55,mounted,new_senior-2026-08-30_16-36-55.pt,true,3912779948,556.0846721193473,False,False,,,24.962268847993798,488.819623512602,quiet (correct),
new_senior-2026-08-30_16-43-04,mounted,new_senior-2026-08-30_16-43-04.pt,true,7875269237,1958.5399475383012,False,False,,,24.541747950281376,497.7027320760538,quiet (correct),
948G_MVR-2026-08-31_08-33-34,pocket,948G_MVR-2026-08-31_08-33-34.pt,true,7874160765,365.16603013832025,True,True,144.14024960439835,85.22144138671584,73.4858907295057,144.14024960439835,false alarm (early),
948G_MVR-2026-08-31_08-33-34,pocket,948G_MVR-2026-08-31_08-33-34.pt,wrong,7875269220,181.31273745055765,True,True,73.29241394955048,115.93172360482029,77.67474387041683,73.29241394955048,caught,42.63930965526981
948G_MVR-2026-08-31_08-33-34,pocket,948G_MVR-2026-08-31_08-33-34.pt,wrong,7874061919,219.11479952807088,True,True,141.0107487535138,85.22144138671584,107.8576363888466,141.0107487535138,false alarm (early),
948G_MVR-2026-08-31_08-33-34,pocket,948G_MVR-2026-08-31_08-33-34.pt,wrong,1369996316,239.36093885902906,True,True,144.14024960439835,85.22144138671584,73.4858907295057,144.14024960439835,false alarm (early),
948G_RVV-2026-08-31_08-26-28,pocket,948G_RVV-2026-08-31_08-26-28.pt,true,3912779948,678.1042234418173,False,False,,,15.147798942980973,609.4527139456713,quiet (correct),
948G_RVV-2026-08-31_08-26-28,pocket,948G_RVV-2026-08-31_08-26-28.pt,wrong,9602305584,187.9005308447041,True,True,100.4590774057258,581.1348908446932,57.47173771258158,100.4590774057258,caught,480.6758134389675
948G_RVV-2026-08-31_08-26-28,pocket,948G_RVV-2026-08-31_08-26-28.pt,wrong,3846582275,329.90996710480994,True,True,97.56194760021236,80.14429626697518,99.2311335222354,97.56194760021236,caught,-17.41765133323719
94CC_6RQ-2026-08-31_08-29-54,pocket,94CC_6RQ-2026-08-31_08-29-54.pt,true,3846582275,613.8600281393769,False,True,,569.8366948421553,26.953756070364204,624.4690767955651,false alarm,
94CC_6RQ-2026-08-31_08-29-54,pocket,94CC_6RQ-2026-08-31_08-29-54.pt,wrong,9047445013,343.8702128027497,True,True,353.0863643569556,558.2374649652081,62.20944942390819,353.0863643569556,caught,205.15110060825248
94CC_6RQ-2026-08-31_08-29-54,pocket,94CC_6RQ-2026-08-31_08-29-54.pt,wrong,9602305583,391.2400706767988,True,True,369.10698495929176,411.83457416769414,63.66953923307447,369.10698495929176,caught,42.72758920840238
Department_of_Electronics_Communication-2026-08-31_08-23-23,pocket,Department_of_Electronics_Communication-2026-08-31_08-23-23.pt,true,3846582275,559.8995229032917,False,True,,516.3076453156893,12.578778683111773,532.5994259988374,false alarm,
Department_of_Electronics_Communication-2026-08-31_08-23-23,pocket,Department_of_Electronics_Communication-2026-08-31_08-23-23.pt,wrong,9047445013,289.90970756666445,True,True,311.0491145068864,342.1990685232295,78.41844286860668,311.0491145068864,caught,31.149954016343145
Department_of_Electronics_Communication-2026-08-31_08-23-23,pocket,Department_of_Electronics_Communication-2026-08-31_08-23-23.pt,wrong,9602305583,337.2795654407135,True,True,322.3379957973929,383.6832839360205,62.84185215711757,322.3379957973929,caught,61.34528813862755
Department_of_Electronics_Communication-2026-08-31_08-23-23,pocket,Department_of_Electronics_Communication-2026-08-31_08-23-23.pt,wrong,9926634758,583.7795527888916,True,True,311.0491145068864,342.1990685232295,79.51493414368021,311.0491145068864,caught,31.149954016343145
new_senior-2026-08-31_08-19-37,pocket,new_senior-2026-08-31_08-19-37.pt,true,5334480496,566.8231032547876,True,True,143.1500217565128,145.55477891282774,76.64738212705713,143.1500217565128,caught,2.404757156314929
new_senior-2026-08-31_08-19-37,pocket,new_senior-2026-08-31_08-19-37.pt,wrong,9602305583,166.61566509517962,True,True,143.1500217565128,145.55477891282774,76.64738212705713,143.1500217565128,caught,2.404757156314929
new_senior-2026-08-31_08-19-37,pocket,new_senior-2026-08-31_08-19-37.pt,wrong,3846582275,387.9099671048099,True,True,143.1500217565128,118.08362600573597,96.8138628325767,143.1500217565128,caught,-25.06639575077685
new_senior-2026-08-31_08-19-37,pocket,new_senior-2026-08-31_08-19-37.pt,wrong,9926634758,463.94738480344597,True,True,371.88869983810355,728.6388547404091,42.37542819428856,371.88869983810355,caught,356.75015490230555
app_DhruvaRun_2026-09-11_13-42-07,mounted,speed_app_replica.pt,true,3912779948,730.1042234418173,False,False,,,40.22266645742198,679.3935142750584,quiet (correct),
app_DhruvaRun_2026-09-11_13-42-07,mounted,speed_app_replica.pt,wrong,9602305583,160.61566509517962,True,True,153.7158874546673,161.6818464700386,64.45652408912282,153.7158874546673,caught,7.965959015371311
app_DhruvaRun_2026-09-11_13-42-07,mounted,speed_app_replica.pt,wrong,9047445013,164.07753958121896,True,True,186.21939034498982,393.0909700001737,44.20668591306024,186.21939034498982,caught,206.87157965518384
app_DhruvaRun_2026-09-11_13-42-07,mounted,speed_app_replica.pt,wrong,3846582275,381.9099671048099,True,True,152.3905367372271,128.4238086029143,111.85375492932651,152.3905367372271,caught,-23.966728134312802
app_DhruvaRun_2026-09-11_13-46-20,mounted,speed_app_replica.pt,true,696399381,691.8596605588542,False,False,,,0.2076194077831088,684.3422211854778,quiet (correct),
app_DhruvaRun_2026-09-11_13-46-20,mounted,speed_app_replica.pt,wrong,9047445013,373.869845222227,True,True,381.60137946703685,361.2657413221144,98.13356232046353,381.60137946703685,caught,-20.335638144922427
app_DhruvaRun_2026-09-11_13-46-20,mounted,speed_app_replica.pt,wrong,9602305583,421.2397030962761,True,True,397.10490743919866,390.0130696950373,111.50883418344533,397.10490743919866,caught,-7.091837744161353
app_DhruvaRun_2026-09-11_19-37-43,mounted,speed_app_replica.pt,true,3912779948,572.0307091900124,False,False,,,29.11541440596568,526.3146723388847,quiet (correct),
app_DhruvaRun_2026-09-11_19-41-28,mounted,speed_app_replica.pt,true,3846582275,581.8995229032917,False,True,,556.70538333472,10.13835963423469,556.9184412635917,false alarm,
app_DhruvaRun_2026-09-11_19-41-28,mounted,speed_app_replica.pt,wrong,9047445013,311.90970756666445,True,True,318.49322173605844,335.2614478849076,87.19640037626584,318.49322173605844,caught,16.76822614884918
app_DhruvaRun_2026-09-11_19-41-28,mounted,speed_app_replica.pt,wrong,9602305583,359.2795654407135,True,True,341.0232566366029,371.5651528336999,86.19587146928284,341.0232566366029,caught,30.541896197097003
